<?xml version="1.0" encoding="UTF-8"?>
<project-private xmlns="http://www.netbeans.org/ns/project-private/1">
    <editor-bookmarks xmlns="http://www.netbeans.org/ns/editor-bookmarks/2" lastBookmarkId="0"/>
    <open-files xmlns="http://www.netbeans.org/ns/projectui-open-files/2">
        <group>
            <file>file:/media/lfsm/36E1CF434802D66D/Aulas/UFSC-Seguranca1/Trabalho2/exemplosFIPS2/Crypto/src/ScreenLogin.java</file>
            <file>file:/media/lfsm/36E1CF434802D66D/Aulas/UFSC-Seguranca1/Trabalho2/exemplosFIPS2/Crypto/src/ServerSide.java</file>
        </group>
    </open-files>
</project-private>
